{"loss": [0.6647369861602783, 0.5670380592346191, 0.5502965450286865], "accuracy": [0.5892957448959351, 0.7123943567276001, 0.7239436507225037], "val_loss": [0.6197178959846497, 0.5243377685546875, 0.48374709486961365], "val_accuracy": [0.6407438516616821, 0.7573964595794678, 0.7836009860038757]}